area,bedrooms,bathrooms,stories,parking,age,mainroad,guestroom,basement,hotwaterheating,airconditioning,prefarea,furnishingstatus,price
1360,3,3,2,1,3,no,no,yes,no,no,no,furnished,19173000
5890,2,2,2,2,8,yes,no,no,no,no,yes,semi-furnished,54850000
5726,2,1,2,2,21,yes,yes,no,no,no,no,unfurnished,55092000
5691,3,3,2,0,23,yes,yes,no,no,no,no,semi-furnished,50998000
4272,3,3,1,3,22,yes,yes,no,no,yes,yes,unfurnished,42842000
3592,5,4,3,0,26,no,no,no,no,yes,no,semi-furnished,35263000
966,5,4,1,0,1,yes,no,no,no,yes,no,furnished,18167000
5834,2,1,1,0,18,no,no,no,no,yes,no,unfurnished,51917000
4926,4,3,1,2,0,yes,no,no,no,yes,no,semi-furnished,48949000
3944,2,3,2,0,24,yes,no,no,no,yes,no,semi-furnished,38887000
3671,4,4,2,0,28,yes,no,no,yes,yes,no,semi-furnished,37719000
3419,4,4,2,3,6,no,no,no,no,no,yes,semi-furnished,36098000
630,5,4,3,3,16,yes,no,no,no,no,yes,furnished,13028000
2185,1,1,1,0,2,yes,no,no,no,no,yes,furnished,23001000
1269,1,1,3,3,19,yes,yes,no,no,no,yes,semi-furnished,15960000
2891,3,4,2,3,19,no,yes,yes,no,yes,no,unfurnished,32164000
2933,5,4,3,0,20,yes,no,no,no,no,no,semi-furnished,33593000
5811,4,4,1,2,29,no,no,no,no,yes,yes,unfurnished,53665000
5551,1,1,1,0,2,yes,no,yes,no,no,no,semi-furnished,50676000
1684,4,4,2,3,2,yes,yes,yes,no,yes,yes,semi-furnished,25316000
5055,1,1,2,2,16,yes,no,no,no,no,yes,furnished,47323000
3885,1,1,3,1,6,yes,no,no,no,yes,yes,furnished,36214000
4617,1,1,2,2,26,yes,no,no,no,yes,no,semi-furnished,41533000
5343,5,4,2,3,25,yes,no,yes,no,no,yes,unfurnished,53819000
3404,2,2,1,2,13,yes,no,no,no,yes,no,unfurnished,34041000
974,4,4,2,0,16,no,no,yes,no,no,no,unfurnished,14632000
1582,5,4,2,1,17,yes,no,no,no,no,no,furnished,19951000
3058,5,4,1,1,12,no,yes,yes,no,no,yes,unfurnished,33613000
2547,5,4,1,1,19,yes,yes,yes,no,no,yes,semi-furnished,28699000
3247,5,4,3,3,28,yes,no,yes,no,no,yes,furnished,36649000
1475,5,4,2,3,19,yes,no,no,no,yes,no,unfurnished,20436000
2306,3,2,1,1,20,yes,no,yes,no,no,yes,semi-furnished,24180000
689,4,4,3,2,26,yes,no,no,no,no,no,furnished,14395000
3234,5,4,3,1,17,yes,no,no,no,no,no,semi-furnished,32968000
3505,4,4,2,2,3,yes,no,no,no,yes,no,semi-furnished,37716000
5158,3,2,2,2,0,yes,no,no,no,no,no,unfurnished,48450000
2399,3,2,3,3,17,no,no,no,no,no,yes,semi-furnished,27761000
1767,4,3,1,2,0,no,no,yes,yes,no,yes,unfurnished,22598000
2028,1,2,3,1,25,yes,no,no,yes,yes,yes,,22144000
3702,2,2,2,3,25,yes,no,yes,no,yes,no,semi-furnished,36662000
4056,1,1,1,0,12,yes,no,yes,no,yes,yes,semi-furnished,40847000
4390,1,1,1,0,19,yes,yes,no,no,no,yes,semi-furnished,39764000
1146,1,1,3,3,19,yes,no,no,no,no,no,semi-furnished,11772000
3388,5,4,2,1,22,yes,no,no,no,no,yes,unfurnished,36299000
5893,3,3,3,0,9,yes,yes,no,no,yes,no,unfurnished,56699000
2935,1,1,3,0,26,yes,no,no,no,yes,no,unfurnished,28594000
1100,3,2,3,2,10,yes,no,yes,no,no,yes,unfurnished,16423000
2863,4,4,1,2,8,no,yes,yes,no,no,yes,unfurnished,33496000
2561,2,2,1,1,8,no,no,yes,no,no,yes,semi-furnished,24840000
741,4,4,2,3,4,yes,yes,yes,no,yes,no,unfurnished,13816000
2541,4,4,2,1,25,no,yes,no,no,no,no,semi-furnished,27936000
3324,5,4,3,3,0,no,no,no,no,yes,no,semi-furnished,35648000
3112,2,2,3,0,16,yes,no,yes,no,no,no,semi-furnished,29575000
,4,4,3,2,21,yes,yes,no,yes,yes,no,semi-furnished,25636000
5986,4,3,2,1,1,yes,no,no,no,no,yes,semi-furnished,56516000
1978,2,1,1,1,23,no,no,yes,no,yes,yes,unfurnished,20277000
3056,2,2,1,3,12,no,yes,yes,no,no,no,semi-furnished,30627000
1275,4,4,3,3,8,yes,yes,yes,no,no,yes,furnished,21637000
4514,2,2,3,1,28,yes,no,yes,no,no,yes,semi-furnished,41590000
534,4,4,3,3,3,yes,no,yes,no,yes,no,furnished,14319000
3652,4,4,3,1,4,yes,no,no,no,yes,no,furnished,38472000
2455,5,4,2,1,10,yes,no,yes,no,yes,no,furnished,30145000
2085,1,1,1,1,23,no,no,no,no,no,no,semi-furnished,18631000
4443,4,3,3,0,18,yes,no,no,no,yes,yes,semi-furnished,46428000
3573,3,4,2,3,20,no,no,no,yes,no,no,unfurnished,35200000
1521,1,1,3,2,2,no,no,no,no,no,yes,unfurnished,14527000
3961,1,1,3,2,11,no,no,yes,no,no,yes,semi-furnished,37185000
3113,1,1,1,3,25,yes,yes,no,no,yes,no,semi-furnished,30124000
5725,5,4,3,1,18,yes,yes,no,no,no,yes,semi-furnished,57885000
4343,4,3,1,2,18,yes,no,yes,no,yes,no,unfurnished,42247000
2000,5,4,1,2,12,yes,no,yes,no,no,yes,furnished,24471000
5298,4,3,1,3,27,yes,yes,no,no,no,no,furnished,52279000
661,5,4,2,2,6,yes,no,no,no,yes,no,unfurnished,12373000
4797,5,4,2,1,14,yes,no,no,no,yes,no,semi-furnished,48316000
2481,3,3,1,3,22,yes,no,no,no,no,no,furnished,26740000
1495,5,4,3,1,6,yes,no,no,yes,no,yes,furnished,21885000
5411,2,1,1,2,25,yes,no,yes,no,yes,no,unfurnished,49219000
3842,3,2,3,2,7,no,no,yes,no,no,no,unfurnished,36815000
5051,5,4,1,1,4,no,no,yes,no,yes,yes,unfurnished,51388000
4298,1,1,3,0,20,yes,no,yes,no,yes,no,semi-furnished,39537000
1775,2,1,2,2,13,yes,no,no,no,no,no,semi-furnished,17693000
1516,2,3,3,0,3,yes,no,no,no,no,yes,unfurnished,20079000
837,2,2,1,2,22,yes,no,no,no,no,no,unfurnished,11363000
1378,3,2,2,0,9,yes,yes,yes,no,yes,yes,furnished,20576000
1576,5,4,3,0,19,no,yes,no,no,no,no,unfurnished,20275000
5387,5,4,3,0,14,yes,no,yes,no,yes,yes,furnished,53691000
4493,1,1,3,1,17,yes,no,yes,yes,yes,no,furnished,43152000
5359,1,1,3,0,19,yes,no,yes,no,no,no,semi-furnished,47831000
879,2,2,3,0,12,yes,yes,no,no,yes,no,semi-furnished,11080000
992,1,1,2,0,28,yes,no,no,no,no,no,unfurnished,9975000
5776,3,3,2,2,7,yes,no,no,no,no,no,furnished,56513000
2562,5,4,2,0,8,yes,no,no,no,yes,no,semi-furnished,29742000
4384,2,1,2,2,15,yes,no,no,no,yes,yes,unfurnished,40898000
564,1,1,1,0,18,yes,no,yes,no,yes,no,unfurnished,7552000
3068,3,2,2,0,15,yes,no,yes,no,yes,no,furnished,31760000
5963,3,4,3,1,6,yes,no,yes,no,no,no,semi-furnished,56176000
5748,1,1,3,2,13,no,yes,no,no,no,no,semi-furnished,52886000
2527,5,4,2,0,27,yes,no,no,no,yes,no,furnished,28436000
3195,1,2,3,2,13,yes,no,yes,no,yes,no,unfurnished,31032000
1995,2,3,2,2,24,yes,no,no,no,no,no,unfurnished,20130000
5758,1,1,3,3,26,yes,yes,no,no,no,yes,furnished,54874000
891,3,3,1,1,3,yes,no,yes,no,yes,no,furnished,14308000
5014,1,1,1,1,25,yes,no,no,no,yes,no,furnished,47234000
4974,5,4,2,1,14,no,yes,no,no,no,no,unfurnished,50221000
4061,4,4,2,3,2,yes,no,no,no,yes,no,furnished,44301000
2778,1,1,2,3,4,yes,no,yes,no,yes,yes,semi-furnished,29100000
3599,5,4,3,1,0,yes,no,no,no,no,no,semi-furnished,36044000
700,5,4,2,3,2,no,no,yes,no,no,no,semi-furnished,14173000
5375,3,3,1,3,14,yes,yes,no,no,,yes,furnished,54949000
3604,5,4,3,3,23,yes,no,no,no,no,no,furnished,38464000
5098,5,4,2,1,26,yes,yes,no,no,no,yes,unfurnished,48623000
2954,5,4,3,1,7,yes,no,no,no,yes,yes,unfurnished,33219000
4145,5,4,3,1,30,yes,no,no,yes,yes,yes,unfurnished,42979000
1304,2,2,2,3,28,yes,no,no,no,yes,no,furnished,15276000
3231,2,2,3,1,3,yes,yes,yes,no,yes,no,semi-furnished,31265000
3273,3,2,1,3,1,yes,no,no,no,no,no,semi-furnished,33428000
2070,1,1,1,0,28,yes,no,yes,no,no,no,semi-furnished,19200000
5556,5,4,3,3,23,yes,no,no,no,no,no,unfurnished,56264000
3190,1,1,2,2,23,no,no,no,no,no,yes,semi-furnished,30331000
4340,1,1,3,1,9,yes,no,no,no,yes,yes,furnished,42755000
1528,3,4,1,1,3,yes,no,no,no,yes,no,unfurnished,19684000
1002,5,4,3,2,2,yes,no,no,no,no,yes,unfurnished,17271000
4993,5,4,3,3,1,yes,no,yes,no,no,no,furnished,50043000
1370,4,4,1,0,24,no,yes,no,no,no,no,semi-furnished,15775000
4988,1,1,3,2,16,yes,no,no,yes,no,no,semi-furnished,47297000
706,1,1,3,2,22,yes,no,yes,no,no,no,semi-furnished,9970000
5634,2,1,2,3,20,yes,no,yes,no,no,yes,furnished,52940000
1984,4,4,2,1,23,yes,no,no,no,yes,yes,semi-furnished,24965000
1363,2,2,1,3,19,yes,yes,no,yes,no,no,unfurnished,16716000
3290,2,3,1,2,22,yes,no,no,no,no,no,semi-furnished,34666000
1063,2,2,1,2,12,yes,yes,no,no,yes,no,furnished,14909000
5616,3,3,2,1,4,no,yes,yes,no,no,yes,semi-furnished,53293000
4691,3,4,1,1,30,yes,no,no,yes,yes,no,semi-furnished,45788000
2257,2,2,1,1,29,no,yes,no,no,no,no,unfurnished,22487000
2178,4,4,1,3,20,no,no,no,no,yes,no,semi-furnished,26159000
3742,1,1,2,1,29,no,yes,no,no,no,yes,furnished,33337000
5136,4,4,3,2,8,yes,no,no,no,yes,no,furnished,52350000
1559,5,4,1,2,24,yes,no,no,no,no,no,unfurnished,18774000
5779,3,4,3,0,28,no,yes,no,no,yes,yes,semi-furnished,54995000
2222,1,1,1,3,24,yes,no,yes,yes,yes,no,unfurnished,23783000
3814,1,1,3,0,27,yes,no,no,no,no,no,furnished,36050000
3657,5,4,2,2,21,no,no,no,no,no,no,semi-furnished,36761000
3125,5,4,2,0,5,no,yes,no,no,yes,no,semi-furnished,33780000
3229,2,2,1,2,4,yes,no,yes,no,yes,yes,unfurnished,33280000
2097,3,2,3,0,24,yes,no,no,no,no,no,unfurnished,24736000
3560,3,2,2,1,9,yes,no,yes,no,no,no,furnished,36283000
3193,4,4,1,0,7,no,no,no,yes,no,no,semi-furnished,32166000
5391,2,2,1,1,6,no,no,no,no,yes,no,furnished,51876000
5647,2,2,2,1,6,yes,no,no,no,no,no,semi-furnished,54037000
4127,2,1,2,3,5,yes,no,yes,yes,yes,yes,semi-furnished,43476000
1863,2,3,1,1,20,no,no,no,yes,yes,no,unfurnished,22303000
2481,3,4,3,1,28,yes,no,no,no,no,no,unfurnished,27336000
5950,3,3,3,0,19,yes,no,no,no,no,yes,semi-furnished,56170000
2163,2,1,3,2,2,no,no,no,yes,no,no,semi-furnished,22373000
2029,4,4,1,3,18,yes,no,no,no,yes,no,unfurnished,24144000
2538,1,1,2,1,21,yes,yes,no,no,yes,no,unfurnished,24674000
3802,1,1,1,3,14,yes,no,yes,no,yes,yes,furnished,39227000
2737,4,4,2,0,3,yes,no,yes,no,no,no,semi-furnished,30480000
5996,2,2,3,1,27,no,no,no,yes,yes,yes,semi-furnished,56802000
1806,3,3,3,0,11,yes,no,no,no,yes,no,furnished,22583000
4529,1,1,2,3,5,no,no,no,no,yes,no,furnished,41873000
3175,5,4,2,0,18,yes,no,yes,no,no,no,furnished,32610000
5568,5,4,1,3,30,yes,no,yes,no,yes,no,semi-furnished,53841000
1782,4,4,3,0,3,yes,no,no,no,no,no,semi-furnished,21785000
1209,2,2,1,3,14,yes,no,yes,no,yes,no,furnished,16481000
5244,1,2,1,2,8,yes,no,no,no,no,no,furnished,48466000
4913,2,1,1,0,4,yes,no,yes,yes,yes,no,,46964000
4248,1,1,3,0,12,yes,no,no,no,no,no,unfurnished,38540000
5853,4,3,1,2,22,yes,no,no,no,no,no,semi-furnished,55617000
5279,4,3,1,2,25,no,yes,yes,no,yes,no,semi-furnished,51064000
1163,5,4,1,0,17,yes,no,no,no,no,no,unfurnished,17755000
2498,2,2,1,2,29,no,yes,yes,no,no,no,furnished,24253000
3945,5,4,1,1,29,yes,no,no,no,no,yes,furnished,42986000
4243,2,1,1,3,4,yes,no,no,no,no,yes,semi-furnished,40641000
1995,5,4,3,3,24,yes,no,no,no,yes,no,furnished,24087000
3804,3,2,1,3,15,yes,no,no,no,yes,no,semi-furnished,37842000
4263,3,3,2,1,26,yes,no,no,no,yes,no,unfurnished,44806000
5732,3,4,1,2,18,no,no,yes,no,yes,no,semi-furnished,56007000
2353,3,3,1,2,13,no,no,yes,no,yes,yes,semi-furnished,27268000
5159,1,1,3,0,24,yes,no,no,no,yes,no,unfurnished,47717000
1791,3,4,3,2,29,yes,no,no,no,yes,no,furnished,21499000
4081,4,4,2,0,15,no,no,no,yes,no,no,furnished,41120000
3957,4,3,2,1,26,yes,no,no,no,yes,no,semi-furnished,39667000
2136,1,2,3,3,14,no,no,no,no,yes,yes,semi-furnished,25385000
4196,3,3,3,3,21,no,yes,no,no,no,yes,furnished,42212000
3499,3,2,1,3,3,no,no,no,no,yes,no,semi-furnished,34928000
3652,3,2,3,2,6,yes,no,no,no,yes,no,semi-furnished,36207000
1198,5,4,2,0,15,yes,no,no,no,yes,no,semi-furnished,17698000
2660,2,1,1,0,23,yes,yes,yes,no,no,yes,semi-furnished,26968000
4597,5,4,2,1,21,yes,no,yes,no,no,yes,semi-furnished,45778000
5237,2,2,1,2,20,no,yes,yes,no,yes,no,furnished,50018000
1354,3,3,3,1,21,yes,no,yes,yes,no,no,semi-furnished,17727000
3974,3,4,2,0,20,yes,yes,yes,yes,no,no,furnished,41572000
5749,5,4,1,0,7,no,no,no,no,no,yes,unfurnished,56714000
5672,5,4,1,3,16,no,no,no,no,no,no,semi-furnished,54936000
2207,2,1,3,2,15,no,no,no,no,no,yes,semi-furnished,21898000
3277,4,4,3,0,26,no,yes,no,yes,yes,yes,unfurnished,33934000
2233,2,2,3,3,22,yes,yes,yes,no,yes,no,semi-furnished,26853000
5431,5,4,2,2,30,yes,no,yes,no,no,yes,semi-furnished,54129000
4010,5,4,1,1,9,no,no,yes,no,no,yes,unfurnished,43076000
702,1,2,3,2,9,yes,no,no,no,no,no,unfurnished,10861000
3755,5,4,2,2,26,yes,yes,yes,no,no,no,semi-furnished,40151000
4718,1,1,2,0,1,yes,no,yes,no,no,no,furnished,45247000
4996,4,4,2,0,30,yes,yes,no,no,yes,no,semi-furnished,47743000
1266,2,2,3,2,29,no,yes,no,no,no,yes,unfurnished,15313000
4889,2,2,3,0,8,yes,no,yes,no,no,yes,furnished,46360000
2827,1,1,1,0,16,yes,no,no,no,no,no,furnished,26625000
3431,2,2,1,0,10,yes,yes,no,no,no,no,unfurnished,33754000
697,5,4,3,3,9,yes,yes,no,no,no,no,furnished,13644000
2430,3,3,2,3,21,yes,yes,no,no,yes,yes,unfurnished,28369000
4082,1,1,2,2,24,yes,no,yes,no,no,no,semi-furnished,36619000
1108,2,1,2,0,16,no,no,yes,no,yes,yes,semi-furnished,14891000
3772,1,1,1,3,3,yes,yes,no,no,no,no,furnished,36013000
1647,1,1,2,2,15,yes,yes,no,no,no,no,unfurnished,16397000
4782,3,2,1,0,19,yes,no,no,no,yes,no,semi-furnished,43857000
3897,5,4,1,1,14,yes,no,no,no,no,no,semi-furnished,39365000
3011,1,1,2,0,24,yes,no,no,no,yes,no,semi-furnished,26756000
2294,2,1,2,0,26,no,yes,no,no,yes,no,unfurnished,21681000
1159,4,3,3,3,20,yes,yes,no,no,yes,no,unfurnished,18101000
3311,1,2,3,2,4,no,no,no,no,no,yes,semi-furnished,32875000
1869,1,1,2,2,5,yes,no,yes,yes,no,no,semi-furnished,19164000
2486,3,4,1,3,16,yes,yes,no,no,no,yes,unfurnished,28537000
646,5,4,1,0,0,yes,no,yes,no,yes,no,semi-furnished,13829000
3719,4,3,1,1,30,no,yes,yes,no,no,no,semi-furnished,38468000
3411,2,2,1,0,24,yes,no,no,no,no,no,furnished,33454000
2234,4,3,1,0,18,yes,no,yes,no,yes,no,unfurnished,25285000
2343,2,3,3,1,3,yes,yes,yes,no,yes,yes,semi-furnished,28636000
988,5,4,2,3,16,yes,no,yes,no,yes,no,semi-furnished,16894000
3476,2,1,3,2,8,yes,no,no,no,no,no,semi-furnished,33911000
2459,3,3,1,3,30,yes,no,no,no,no,no,furnished,28010000
2885,3,2,1,3,23,yes,no,no,no,no,yes,semi-furnished,28352000
3419,3,2,1,0,1,yes,no,yes,yes,yes,no,furnished,36414000
5236,3,3,1,2,7,yes,no,no,yes,no,no,semi-furnished,50410000
2302,4,4,2,2,14,no,no,no,no,yes,yes,semi-furnished,26896000
4561,5,4,1,3,6,no,no,yes,no,yes,yes,semi-furnished,47096000
3869,2,2,2,1,26,no,no,no,no,no,no,unfurnished,35870000
762,2,2,1,3,5,yes,no,yes,yes,yes,no,unfurnished,12488000
1123,3,4,2,1,0,yes,yes,no,no,no,no,unfurnished,15931000
1516,3,4,3,2,14,yes,no,no,no,yes,no,furnished,19903000
4143,1,2,1,3,22,yes,no,no,no,no,no,furnished,37520000
5476,5,4,2,0,25,yes,no,yes,no,yes,no,semi-furnished,53147000
2549,4,3,3,3,6,yes,yes,no,no,,yes,unfurnished,29034000
5923,2,2,1,2,28,yes,yes,no,no,yes,yes,unfurnished,55637000
4223,1,1,1,0,29,yes,no,no,no,yes,no,unfurnished,40204000
5048,1,2,1,0,24,no,no,no,no,no,no,semi-furnished,44462000
3608,2,1,2,1,16,yes,yes,no,no,yes,no,semi-furnished,34074000
5779,4,4,2,0,1,yes,no,yes,no,no,no,semi-furnished,55712000
4590,1,1,3,0,26,yes,no,no,no,no,yes,furnished,42848000
2556,1,1,2,3,8,yes,no,no,no,yes,no,furnished,27355000
3670,5,4,2,2,28,yes,yes,no,no,yes,yes,unfurnished,40063000
2182,4,4,1,1,8,no,yes,yes,no,no,no,furnished,26315000
2755,1,1,1,3,12,no,no,no,no,no,no,furnished,27647000
1654,4,4,1,0,5,yes,yes,yes,no,no,no,furnished,21255000
4999,2,2,1,0,5,no,no,no,no,no,no,unfurnished,47770000
3691,3,2,1,1,19,no,no,no,no,no,yes,semi-furnished,35364000
2196,1,1,1,2,19,no,no,no,no,yes,no,semi-furnished,21720000
4491,5,4,1,1,20,no,no,yes,yes,no,yes,unfurnished,46399000
5223,2,2,3,3,2,yes,no,no,no,no,no,semi-furnished,50672000
5182,4,4,3,1,16,yes,yes,yes,no,yes,no,semi-furnished,49886000
,2,2,3,0,30,yes,no,yes,no,yes,no,furnished,23214000
1945,1,1,3,3,16,yes,no,no,no,yes,no,furnished,22324000
4699,4,3,1,0,11,no,no,no,no,yes,yes,unfurnished,44553000
,3,2,3,2,15,yes,yes,no,no,no,no,unfurnished,43621000
753,2,1,1,0,14,no,yes,no,no,yes,yes,semi-furnished,10811000
3683,1,1,3,0,12,no,no,no,no,yes,no,semi-furnished,35649000
3057,5,4,2,1,22,no,no,no,no,yes,yes,semi-furnished,32703000
598,4,4,3,0,0,no,no,yes,no,no,yes,furnished,14079000
2700,2,2,3,3,16,yes,no,no,no,no,no,furnished,28540000
3461,2,2,1,3,2,yes,yes,no,no,yes,no,furnished,37645000
5473,3,3,3,2,25,yes,yes,yes,no,yes,yes,semi-furnished,56882000
4933,3,3,2,3,14,yes,no,yes,no,no,no,unfurnished,49689000
4277,5,4,1,1,3,yes,no,no,no,no,no,semi-furnished,44150000
3369,5,4,1,2,3,yes,yes,yes,no,yes,no,furnished,40223000
3734,1,1,3,3,17,no,no,yes,no,yes,yes,semi-furnished,37327000
4291,1,1,1,1,16,yes,no,yes,no,yes,no,unfurnished,39196000
1456,5,4,1,3,18,yes,no,no,no,yes,no,furnished,20577000
4567,5,4,1,3,10,yes,no,no,no,no,no,furnished,47531000
660,4,4,1,0,19,yes,no,yes,no,no,no,semi-furnished,12681000
4993,3,2,1,3,2,yes,yes,no,yes,no,no,unfurnished,47155000
1800,1,1,1,3,7,no,no,no,no,no,no,semi-furnished,17341000
5411,3,4,2,1,13,yes,yes,no,no,yes,no,unfurnished,52517000
4487,3,3,3,1,25,no,no,yes,no,no,yes,unfurnished,44099000
2027,5,4,2,0,0,yes,no,no,no,no,yes,unfurnished,25792000
5754,4,3,1,3,13,no,no,no,no,yes,no,semi-furnished,55315000
1718,2,2,1,0,1,yes,no,no,yes,yes,yes,semi-furnished,19704000
4996,4,3,3,3,28,yes,no,yes,no,no,no,furnished,51093000
5235,4,4,2,2,22,yes,yes,no,no,yes,no,unfurnished,50635000
3604,3,3,3,2,3,no,no,no,no,yes,yes,semi-furnished,39151000
3235,4,4,2,0,23,yes,no,no,no,no,no,furnished,34501000
5055,1,1,1,0,26,yes,no,yes,no,no,no,semi-furnished,46728000
1454,3,3,3,0,28,no,no,yes,no,no,no,semi-furnished,16405000
5065,1,1,3,1,18,no,yes,no,no,no,no,semi-furnished,45700000
3946,2,3,1,1,5,yes,no,no,no,yes,no,semi-furnished,39421000
1545,3,3,3,1,24,no,yes,yes,no,no,no,semi-furnished,17876000
2193,2,2,2,0,0,yes,no,no,yes,no,no,unfurnished,23446000
3936,3,3,2,3,16,yes,no,yes,no,no,no,semi-furnished,41415000
1062,5,4,2,2,7,yes,no,no,no,yes,yes,semi-furnished,16815000
2985,4,4,2,0,18,no,no,no,yes,no,yes,semi-furnished,31085000
3854,5,4,1,1,20,no,no,no,no,no,no,semi-furnished,37843000
725,2,2,3,1,0,yes,no,no,no,yes,yes,unfurnished,12418000
5393,4,4,2,0,4,yes,no,yes,no,yes,yes,semi-furnished,54275000
1459,3,2,1,0,26,yes,no,no,no,yes,no,semi-furnished,17504000
5048,4,4,3,1,15,no,no,yes,no,yes,yes,furnished,51217000
3567,1,1,3,3,5,no,no,no,no,no,no,unfurnished,34097000
1315,4,4,1,1,7,yes,no,no,no,yes,no,semi-furnished,18911000
5254,1,1,1,1,12,no,no,no,no,yes,no,unfurnished,47614000
5142,4,3,2,0,15,no,no,yes,no,no,no,furnished,50035000
5811,1,,3,3,29,yes,no,no,no,yes,yes,furnished,54366000
3620,2,1,3,1,2,yes,yes,yes,no,no,no,semi-furnished,37476000
516,5,4,1,1,18,yes,no,yes,no,yes,no,unfurnished,14368000
1743,3,3,3,2,11,yes,no,no,no,no,no,semi-furnished,21677000
2705,4,4,2,0,15,yes,no,no,no,no,no,unfurnished,29245000
3024,5,4,3,2,26,yes,no,no,yes,no,yes,semi-furnished,34339000
1569,3,3,1,2,10,no,no,no,no,yes,no,semi-furnished,17885000
3944,3,3,1,1,9,yes,yes,yes,no,no,yes,furnished,40899000
3065,1,1,2,0,24,yes,no,no,yes,yes,no,unfurnished,28321000
1560,2,3,2,3,19,yes,yes,no,no,yes,no,furnished,20415000
2827,2,3,3,1,30,yes,no,yes,no,yes,yes,unfurnished,29403000
3920,5,4,3,3,3,yes,no,no,no,no,yes,unfurnished,41890000
801,2,2,1,3,11,yes,no,no,no,no,yes,unfurnished,10242000
4776,4,4,2,0,22,yes,yes,no,no,no,no,semi-furnished,45633000
1106,2,3,2,2,1,yes,no,no,no,yes,no,semi-furnished,16311000
3670,5,4,2,0,23,yes,no,no,yes,yes,yes,unfurnished,38021000
1199,2,3,3,3,21,yes,no,no,no,no,no,furnished,17160000
5588,4,4,2,1,18,no,yes,no,no,yes,yes,semi-furnished,53934000
1639,1,2,1,3,24,yes,yes,yes,no,no,no,furnished,19155000
690,5,4,1,1,4,yes,no,no,no,yes,yes,semi-furnished,13773000
2800,1,1,3,1,7,no,no,no,no,no,no,furnished,27570000
1480,1,1,3,0,6,yes,no,no,no,no,no,furnished,14875000
3475,1,2,2,3,13,yes,no,no,no,yes,no,,34249000
1684,3,4,3,2,23,no,no,no,no,yes,no,semi-furnished,19733000
3827,3,3,1,3,22,yes,no,no,no,no,no,semi-furnished,38873000
3894,1,1,2,3,2,yes,no,yes,no,no,no,furnished,38621000
627,5,4,1,2,17,no,no,no,no,yes,no,semi-furnished,11032000
2565,4,4,2,0,15,no,no,no,no,yes,no,furnished,28174000
2316,4,4,3,3,22,no,no,yes,no,no,no,semi-furnished,25724000
1069,2,1,2,3,18,yes,no,no,no,no,yes,semi-furnished,14827000
5942,5,4,2,1,18,yes,no,no,no,yes,no,semi-furnished,59319000
2395,3,4,1,3,17,yes,yes,no,no,no,yes,unfurnished,26051000
3233,1,1,1,2,19,yes,no,yes,no,yes,no,semi-furnished,32352000
4363,2,2,2,1,15,yes,yes,yes,no,no,no,unfurnished,40937000
5221,4,4,3,0,7,yes,no,no,no,yes,no,semi-furnished,51661000
4514,3,2,3,1,27,no,no,yes,no,no,yes,semi-furnished,43286000
3401,3,3,1,2,0,yes,yes,no,no,no,yes,semi-furnished,37875000
2186,1,1,3,2,16,yes,yes,no,no,no,no,furnished,21807000
3509,4,4,1,1,11,yes,yes,yes,no,no,no,semi-furnished,37816000
654,5,4,3,0,29,yes,no,yes,yes,no,no,semi-furnished,11312000
3037,3,3,2,1,20,yes,no,no,yes,no,no,semi-furnished,29954000
1909,1,2,1,0,10,yes,yes,no,no,no,no,furnished,20355000
4557,5,4,1,1,4,yes,no,no,no,no,no,furnished,46376000
1284,4,4,2,2,26,yes,no,no,no,no,yes,unfurnished,14962000
3675,3,3,1,3,11,no,no,yes,yes,no,no,semi-furnished,38232000
4841,5,4,3,3,16,no,no,no,yes,yes,yes,furnished,48069000
3306,5,4,3,0,5,yes,no,no,no,no,no,semi-furnished,35380000
1037,5,4,1,0,0,yes,no,no,no,yes,yes,semi-furnished,18692000
2341,3,3,3,0,4,no,yes,no,no,no,no,unfurnished,27278000
5516,3,3,1,2,24,no,yes,no,no,yes,yes,furnished,52893000
2955,2,3,2,1,27,yes,no,yes,no,no,yes,furnished,29620000
1024,4,3,1,2,13,no,yes,no,yes,no,no,unfurnished,15490000
3450,1,1,2,3,4,yes,no,yes,no,no,yes,furnished,35910000
4631,5,4,3,0,21,no,no,yes,yes,no,yes,furnished,46560000
5280,2,2,2,1,23,no,no,no,no,yes,no,unfurnished,47879000
4615,1,1,3,3,26,yes,yes,no,no,yes,yes,semi-furnished,43640000
2868,2,2,1,3,0,no,no,no,no,yes,yes,semi-furnished,30033000
4347,3,3,3,3,29,yes,no,no,no,no,no,furnished,43261000
4995,5,4,1,2,17,no,no,no,no,yes,no,furnished,49176000
3201,1,1,1,0,15,yes,yes,yes,no,no,no,furnished,30344000
1471,1,2,2,3,8,no,no,no,no,yes,no,unfurnished,17585000
1666,1,1,2,0,18,yes,no,no,no,yes,no,semi-furnished,16019000
5711,1,1,2,2,21,yes,no,no,no,yes,yes,unfurnished,52473000
5429,1,1,2,3,4,yes,no,no,no,no,no,unfurnished,48441000
3274,2,2,3,2,26,no,yes,yes,no,no,no,semi-furnished,32217000
2482,5,4,3,2,1,no,yes,no,no,yes,no,furnished,27913000
1353,3,3,3,0,29,no,no,no,no,no,no,semi-furnished,16436000
4646,3,2,1,3,14,no,no,yes,no,yes,yes,unfurnished,44146000
4236,3,3,3,2,6,yes,no,no,no,no,no,unfurnished,40363000
4269,3,3,3,3,3,yes,no,no,no,no,no,furnished,43088000
1074,2,3,3,0,0,yes,yes,no,no,yes,no,semi-furnished,17340000
3761,4,3,2,2,12,yes,no,no,no,no,yes,semi-furnished,39740000
1648,5,4,3,0,19,yes,no,yes,no,yes,yes,unfurnished,20431000
2215,1,1,1,3,21,yes,no,yes,no,no,yes,furnished,22189000
5277,4,4,2,3,6,yes,no,yes,no,yes,no,semi-furnished,53089000
5433,3,2,1,0,14,yes,no,no,no,no,yes,unfurnished,53139000
4354,4,4,3,1,22,yes,no,yes,yes,yes,yes,semi-furnished,44560000
5673,5,4,2,2,13,yes,no,yes,no,no,no,semi-furnished,55105000
2991,1,1,1,3,22,no,no,no,yes,,yes,furnished,30691000
3160,1,1,3,3,18,no,no,no,no,no,no,semi-furnished,30195000
3624,5,4,1,2,21,no,no,no,no,no,no,semi-furnished,37962000
3551,5,4,1,0,28,yes,yes,yes,no,no,no,unfurnished,35746000
504,3,3,1,0,23,yes,no,yes,no,yes,no,semi-furnished,9747000
,1,1,3,0,19,no,yes,yes,no,yes,no,semi-furnished,53448000
5815,4,4,3,1,28,yes,no,no,yes,yes,no,semi-furnished,56353000
5369,2,1,1,1,23,yes,no,no,no,no,yes,furnished,50825000
1376,2,1,2,3,17,yes,no,no,no,yes,yes,semi-furnished,17568000
1491,5,4,2,0,30,yes,yes,yes,no,no,yes,unfurnished,18834000
4642,3,3,3,2,9,yes,no,no,no,no,no,unfurnished,45436000
4864,2,1,3,3,8,yes,no,yes,no,yes,no,semi-furnished,48115000
4965,1,1,3,2,24,yes,no,no,no,yes,no,semi-furnished,46792000
1135,5,4,3,3,7,yes,no,no,yes,yes,no,furnished,19022000
5725,4,3,3,1,25,yes,no,no,no,yes,yes,unfurnished,53596000
2193,5,4,2,3,29,no,yes,yes,no,yes,no,furnished,24790000
2182,4,4,3,1,28,yes,yes,yes,yes,yes,no,unfurnished,24434000
5252,5,4,1,3,9,yes,no,no,no,no,yes,semi-furnished,52527000
619,5,4,1,0,16,no,no,yes,no,no,no,unfurnished,10764000
1330,5,4,2,2,1,yes,no,yes,no,yes,yes,unfurnished,19335000
4175,4,4,1,0,5,yes,yes,yes,yes,yes,no,unfurnished,44215000
5677,4,4,2,3,25,yes,no,yes,no,yes,no,furnished,55116000
1869,5,4,2,3,4,yes,no,no,no,no,yes,semi-furnished,23386000
1240,2,1,1,3,27,yes,no,no,no,no,no,semi-furnished,14013000
616,3,3,3,1,29,no,yes,yes,no,yes,yes,unfurnished,12355000
3338,3,3,1,2,8,yes,yes,no,no,yes,no,furnished,37468000
1650,3,3,1,2,4,yes,no,no,no,no,no,unfurnished,20328000
2431,4,4,2,3,17,yes,no,no,no,no,yes,unfurnished,29828000
1512,4,3,1,3,25,yes,no,no,no,yes,no,semi-furnished,18065000
2164,2,2,2,1,19,yes,yes,no,no,no,no,unfurnished,24649000
1581,3,2,3,0,8,yes,no,yes,no,yes,no,semi-furnished,17617000
5229,3,3,3,0,16,yes,no,no,no,yes,yes,semi-furnished,50673000
1012,5,4,3,2,26,yes,no,no,no,no,no,semi-furnished,16243000
3349,4,3,1,1,16,yes,no,no,no,no,no,semi-furnished,32441000
5715,3,4,2,3,11,yes,no,no,no,yes,yes,unfurnished,55705000
5737,2,2,3,2,6,no,yes,no,no,no,yes,semi-furnished,53209000
1059,2,1,2,1,26,yes,no,no,no,yes,yes,semi-furnished,13171000
4172,3,3,2,0,2,yes,no,yes,no,no,no,semi-furnished,42994000
5083,4,4,3,1,9,yes,no,no,no,no,yes,unfurnished,50817000
5492,2,3,3,0,1,no,no,no,no,no,no,furnished,51424000
3843,5,4,2,1,24,yes,yes,no,no,no,no,unfurnished,36401000
5808,2,2,3,2,2,yes,yes,yes,no,yes,no,semi-furnished,56545000
4570,1,2,2,0,15,no,no,no,no,no,no,semi-furnished,42460000
5299,1,1,2,2,1,no,yes,yes,no,no,no,furnished,47696000
1970,4,,3,2,27,yes,yes,yes,no,no,no,semi-furnished,23213000
1080,3,3,1,0,23,yes,no,no,no,yes,yes,unfurnished,15038000
2794,4,3,3,0,9,no,no,yes,no,no,yes,semi-furnished,31259000
3647,4,3,1,3,5,no,no,no,no,no,no,unfurnished,36000000
4749,4,4,2,3,21,no,no,yes,no,yes,yes,furnished,47846000
2179,4,4,2,3,25,yes,no,no,no,no,no,semi-furnished,24790000
4006,5,4,1,2,10,yes,no,yes,no,yes,no,unfurnished,43435000
5592,5,4,2,2,22,yes,no,yes,no,yes,yes,unfurnished,57136000
3244,2,1,1,3,6,no,no,yes,no,no,no,furnished,31933000
3856,1,,1,2,26,yes,no,yes,no,no,no,semi-furnished,36876000
4545,4,4,2,2,28,yes,no,yes,no,no,no,furnished,43304000
1743,2,2,1,0,14,no,no,yes,no,yes,no,semi-furnished,19727000
5688,1,1,3,0,5,yes,no,no,no,no,no,unfurnished,50504000
3618,3,3,3,2,19,no,no,yes,yes,yes,yes,unfurnished,39345000
5604,5,4,2,3,26,yes,yes,no,no,yes,no,furnished,54950000
2641,1,2,2,1,8,yes,no,no,no,yes,no,unfurnished,26136000
5553,3,3,1,3,21,yes,yes,no,no,no,no,semi-furnished,53518000
3559,1,2,1,1,19,no,no,no,no,no,yes,semi-furnished,34355000
5048,5,4,1,3,11,yes,no,no,no,no,yes,semi-furnished,50767000
5823,5,4,1,0,18,yes,no,yes,no,no,no,semi-furnished,56607000
3459,2,1,3,2,19,no,no,yes,no,yes,no,semi-furnished,34192000
2765,4,4,3,2,2,yes,no,no,no,no,yes,semi-furnished,32356000
2979,1,1,2,0,14,yes,no,yes,no,no,no,semi-furnished,28187000
5146,1,1,1,1,1,yes,no,yes,no,no,no,furnished,48501000
2135,3,2,1,1,29,yes,no,yes,no,yes,no,unfurnished,24199000
5908,5,,2,1,20,yes,yes,yes,no,no,yes,semi-furnished,57193000
2257,1,2,1,0,1,yes,yes,yes,yes,no,yes,furnished,24179000
4952,5,4,1,1,21,yes,no,no,no,no,yes,unfurnished,49124000
2570,1,1,1,0,2,yes,no,yes,no,no,no,unfurnished,24099000
3349,2,2,1,3,5,yes,no,no,no,yes,no,unfurnished,32138000
3751,4,4,1,3,14,yes,no,yes,no,no,no,semi-furnished,40347000
4230,1,1,2,0,26,yes,yes,yes,no,yes,no,furnished,37706000
,5,4,1,2,9,yes,yes,no,no,no,no,semi-furnished,32599000
2131,2,2,2,3,8,yes,no,yes,no,no,no,furnished,24812000
3316,1,1,1,1,0,yes,yes,no,no,yes,no,unfurnished,32653000
1515,3,2,3,0,15,yes,no,no,no,no,yes,furnished,18265000
1848,4,4,3,1,5,no,no,yes,no,no,yes,semi-furnished,22336000
5111,1,1,3,1,8,yes,no,no,no,,no,semi-furnished,48127000
3587,2,3,3,2,26,no,yes,yes,no,no,no,semi-furnished,34481000
3339,3,2,2,1,3,no,yes,no,no,yes,yes,unfurnished,34612000
835,2,1,2,2,26,yes,yes,yes,no,no,no,semi-furnished,11268000
5092,2,,1,3,27,yes,no,no,no,no,no,furnished,48568000
1395,3,2,3,0,1,yes,no,yes,no,no,yes,semi-furnished,17672000
4046,2,2,2,1,28,no,yes,no,yes,no,yes,semi-furnished,40596000
1351,3,3,1,0,3,yes,no,no,yes,no,yes,furnished,18537000
2187,1,1,1,1,0,yes,no,no,no,no,no,semi-furnished,21861000
2431,3,3,2,0,18,yes,yes,no,no,yes,yes,semi-furnished,27568000
4246,3,3,3,1,25,no,no,no,no,no,no,unfurnished,39592000
2927,4,4,1,1,24,no,no,no,no,no,no,unfurnished,29463000
2068,3,3,3,1,9,yes,no,yes,no,yes,no,unfurnished,26715000
4500,3,3,3,1,20,yes,no,yes,no,yes,yes,unfurnished,44483000
5552,1,1,3,1,14,yes,no,yes,no,no,no,furnished,51284000
3238,4,4,1,1,26,yes,no,no,no,no,no,furnished,33247000
3998,5,4,3,1,21,no,no,no,no,yes,no,semi-furnished,39898000
5887,1,1,1,1,18,yes,no,no,no,yes,no,unfurnished,53601000
5787,1,1,3,1,15,yes,no,yes,no,yes,yes,unfurnished,54151000
4413,5,4,1,0,20,yes,no,no,no,no,no,unfurnished,44422000
1566,3,3,3,2,26,no,no,yes,no,yes,no,furnished,20302000
4880,2,3,2,1,23,no,no,yes,no,no,no,unfurnished,46446000
2944,4,4,3,2,21,yes,yes,no,no,yes,no,semi-furnished,31861000
4607,2,1,3,1,3,no,no,no,no,no,no,furnished,43815000
3873,5,4,1,1,1,yes,no,no,yes,yes,yes,semi-furnished,42571000
4469,1,1,1,0,29,yes,no,no,no,no,no,furnished,39260000
3046,1,1,3,3,24,yes,no,yes,yes,yes,no,semi-furnished,30372000
1253,4,4,2,3,12,yes,yes,no,no,,no,semi-furnished,16754000
2582,1,1,2,0,27,yes,no,yes,no,yes,yes,semi-furnished,26702000
3274,1,1,1,2,0,no,yes,no,no,no,no,,31894000
3396,4,4,2,3,16,yes,no,no,no,no,no,unfurnished,37176000
4685,4,4,3,0,12,yes,no,yes,yes,yes,yes,semi-furnished,48234000
1275,5,4,1,0,3,yes,no,yes,no,no,no,semi-furnished,18704000
2125,1,1,3,3,6,yes,no,no,no,no,no,unfurnished,23180000
3569,1,1,1,2,16,no,no,no,no,yes,no,unfurnished,32413000
917,5,4,1,0,8,yes,no,no,no,yes,no,furnished,14679000
614,3,2,1,1,3,yes,no,yes,no,yes,no,semi-furnished,10561000
1116,3,3,1,2,18,no,no,yes,yes,no,yes,semi-furnished,15107000
4474,3,2,2,2,0,yes,no,no,no,no,no,furnished,43208000
3767,5,4,3,3,9,yes,no,no,no,yes,no,semi-furnished,40135000
1325,1,1,3,3,3,yes,yes,yes,no,no,no,unfurnished,17058000
2016,5,4,3,1,8,yes,no,no,no,no,no,furnished,24980000
3646,5,4,1,0,12,no,no,yes,no,no,no,unfurnished,37358000
912,3,3,2,3,13,no,no,no,no,no,yes,unfurnished,13116000
1228,2,2,3,3,9,yes,yes,no,no,no,no,unfurnished,15217000
3848,1,1,2,2,5,no,no,no,no,no,yes,semi-furnished,36919000
3308,3,2,1,3,15,yes,no,yes,no,yes,yes,unfurnished,34869000
1175,2,1,3,3,5,yes,yes,no,no,no,yes,,16640000
3965,2,1,2,3,16,yes,no,yes,no,no,no,semi-furnished,39534000
,4,4,1,3,9,yes,no,yes,no,no,yes,furnished,33538000
3467,1,1,2,2,17,yes,no,no,no,no,yes,furnished,34766000
3286,2,1,3,1,26,yes,no,no,no,no,yes,unfurnished,30681000
1622,3,4,3,1,21,no,no,no,no,no,yes,semi-furnished,22016000
4579,4,4,1,0,17,yes,yes,no,no,yes,no,semi-furnished,44970000
2071,1,1,1,3,2,yes,no,no,no,yes,no,furnished,23354000
5573,5,4,1,2,19,yes,no,yes,yes,no,yes,semi-furnished,54508000
5604,3,2,2,0,26,yes,no,yes,no,no,no,furnished,52162000
2643,2,2,2,0,20,yes,no,yes,no,yes,no,unfurnished,28561000
2187,2,1,2,1,30,yes,no,no,no,no,no,furnished,21022000
4632,3,3,1,2,24,no,no,no,no,no,yes,furnished,47046000
4351,2,1,3,2,27,yes,yes,yes,no,yes,no,semi-furnished,41863000
3940,4,4,3,2,14,yes,no,no,no,yes,yes,semi-furnished,43036000
4266,1,1,2,1,14,yes,no,no,no,yes,yes,semi-furnished,41234000
2826,4,3,2,1,3,yes,no,no,no,no,yes,,31643000
3414,2,3,3,1,28,yes,no,yes,no,yes,no,unfurnished,33033000
5468,5,4,3,1,26,no,yes,yes,yes,yes,yes,semi-furnished,54315000
5892,1,1,2,1,8,yes,no,yes,no,no,yes,furnished,56218000
4452,1,1,2,3,26,yes,no,yes,yes,yes,yes,semi-furnished,42708000
1095,3,2,3,3,25,yes,no,no,no,yes,no,unfurnished,14971000
1228,3,4,1,2,18,yes,no,no,no,yes,no,semi-furnished,15581000
1865,5,4,2,0,23,yes,no,no,no,no,yes,furnished,22780000
4992,1,1,3,2,27,no,yes,no,no,no,no,unfurnished,45990000
1198,5,4,3,0,16,yes,no,no,no,yes,no,semi-furnished,16480000
895,3,4,3,1,10,no,yes,yes,no,yes,no,semi-furnished,15525000
4671,3,3,3,0,24,yes,no,no,no,no,yes,furnished,45951000
4860,1,1,1,2,8,no,yes,no,no,yes,no,furnished,45114000
3002,4,3,3,2,9,yes,yes,yes,no,yes,yes,semi-furnished,33982000
2319,2,2,2,0,17,yes,no,yes,no,yes,no,furnished,24505000
1217,3,4,1,3,19,yes,no,no,no,no,yes,semi-furnished,16988000
3282,3,2,3,1,12,no,no,yes,no,no,no,semi-furnished,33637000
5446,4,4,1,1,7,yes,no,no,no,yes,no,semi-furnished,53194000
4077,4,4,2,2,6,yes,no,yes,no,no,no,unfurnished,43892000
5986,5,4,3,3,16,yes,no,no,no,yes,yes,unfurnished,60161000
643,5,4,2,0,20,no,no,yes,no,yes,no,unfurnished,11489000
5480,2,2,3,1,22,yes,yes,yes,no,no,yes,furnished,53513000
3640,2,2,3,3,14,no,no,no,no,yes,no,furnished,37034000
4991,1,1,3,1,19,yes,no,yes,no,,no,semi-furnished,44364000
3438,5,4,3,3,14,yes,no,no,no,yes,no,furnished,37109000
4136,3,3,3,3,30,yes,no,yes,no,no,no,unfurnished,40791000
3722,5,4,1,2,0,no,yes,yes,no,yes,no,furnished,38753000
1667,3,4,3,1,24,yes,yes,yes,no,no,no,semi-furnished,22880000
3116,4,4,3,0,13,no,no,yes,no,yes,no,semi-furnished,34273000
1562,5,4,1,2,4,yes,no,no,no,no,yes,semi-furnished,21584000
2656,4,4,1,2,10,yes,yes,yes,no,yes,no,furnished,30733000
5661,2,2,1,0,15,yes,no,no,yes,no,no,semi-furnished,51424000
5805,2,2,1,2,1,yes,no,yes,no,yes,no,semi-furnished,53383000
3482,1,1,1,3,7,no,no,yes,no,no,yes,unfurnished,31899000
3794,5,4,1,3,10,no,no,no,no,yes,no,furnished,42050000
5229,4,3,3,1,28,no,yes,yes,no,yes,no,unfurnished,51910000
1656,3,4,3,1,17,no,no,no,no,no,no,unfurnished,18835000
5834,2,2,2,0,2,yes,no,yes,no,yes,no,semi-furnished,56107000
1232,2,2,3,1,29,yes,no,no,no,yes,no,unfurnished,15273000
4830,3,3,3,3,25,no,no,no,no,no,no,furnished,47154000
5346,4,4,1,0,0,yes,no,no,no,no,yes,unfurnished,51216000
1453,4,4,1,0,10,no,no,no,no,yes,yes,semi-furnished,17492000
3039,5,4,3,1,15,no,yes,no,no,no,no,semi-furnished,33839000
3824,5,4,2,3,17,yes,no,yes,no,no,no,semi-furnished,38460000
3801,1,1,1,0,29,no,no,yes,no,yes,no,furnished,34805000
2042,2,2,3,3,15,yes,yes,no,no,no,no,unfurnished,22114000
5793,5,4,3,3,22,yes,no,yes,no,no,yes,furnished,57840000
1691,4,3,2,3,9,yes,yes,no,no,no,no,semi-furnished,21683000
3493,3,2,2,1,17,yes,no,no,no,yes,yes,semi-furnished,35048000
3181,4,4,1,2,5,yes,no,yes,no,no,yes,unfurnished,35409000
1717,2,2,2,2,30,yes,no,no,no,yes,no,furnished,19636000
2040,4,,3,0,18,no,no,no,no,yes,yes,semi-furnished,26529000
3736,1,1,3,3,3,no,no,no,no,yes,no,semi-furnished,34836000
2886,2,1,2,1,26,yes,no,no,no,no,no,unfurnished,27390000
4219,3,3,2,3,30,yes,no,yes,no,no,no,furnished,42393000
1888,1,1,2,3,12,no,no,yes,yes,no,yes,furnished,20632000
2356,2,3,2,1,23,yes,yes,no,no,no,yes,furnished,24654000
1865,3,2,1,2,13,yes,no,yes,yes,yes,yes,unfurnished,23705000
999,1,2,2,3,2,yes,yes,no,no,yes,no,furnished,15088000
2180,1,1,1,3,9,yes,no,no,no,yes,no,semi-furnished,21658000
1010,2,3,3,2,5,yes,no,no,no,yes,no,furnished,15999000
4812,5,4,2,1,0,no,yes,yes,no,no,yes,unfurnished,50754000
1824,1,1,1,0,22,yes,no,no,no,no,no,unfurnished,17478000
1655,1,1,2,2,23,yes,no,no,no,yes,yes,semi-furnished,18530000
2327,3,3,3,0,26,yes,no,no,no,yes,yes,semi-furnished,27628000
3641,4,4,3,0,13,yes,yes,no,no,yes,no,furnished,37843000
3986,2,2,3,2,7,yes,no,no,no,yes,no,furnished,41794000
2310,2,2,2,3,18,no,no,no,no,no,yes,semi-furnished,25398000
3423,5,4,2,0,13,no,no,no,no,no,yes,semi-furnished,35036000
5801,5,4,1,0,9,yes,yes,no,no,no,no,semi-furnished,55635000
2714,2,2,3,1,16,no,no,yes,no,no,yes,unfurnished,27224000
3671,4,4,2,0,28,yes,no,no,yes,yes,no,semi-furnished,37719000
974,4,4,2,0,16,no,no,yes,no,no,no,unfurnished,14632000
2541,4,4,2,1,25,no,yes,no,no,no,no,semi-furnished,27936000
